{
  "accuracy": [
    0.4922448992729187,
    0.6583673357963562,
    0.6991837024688721,
    0.7583673596382141,
    0.7763265371322632,
    0.8130612373352051,
    0.8142856955528259,
    0.832244873046875,
    0.8481632471084595,
    0.8546938896179199,
    0.822857141494751,
    0.8404081463813782,
    0.8465306162834167,
    0.8555101752281189,
    0.8559183478355408,
    0.8628571629524231,
    0.8661224246025085,
    0.8742856979370117,
    0.8730612397193909,
    0.8783673644065857,
    0.8799999952316284,
    0.8853061199188232,
    0.8828571438789368,
    0.8902040719985962,
    0.8938775658607483,
    0.8938775658607483,
    0.8946938514709473,
    0.8959183692932129,
    0.8934693932533264,
    0.8946938514709473,
    0.8934693932533264,
    0.8951020240783691,
    0.9016326665878296,
    0.899591863155365,
    0.899591863155365,
    0.9106122255325317,
    0.8987755179405212
  ],
  "loss": [
    1.5143132209777832,
    1.0544235706329346,
    0.9189367294311523,
    0.7962120771408081,
    0.7177846431732178,
    0.6442441344261169,
    0.6356950998306274,
    0.5993532538414001,
    0.5539976954460144,
    0.5469733476638794,
    0.5823703408241272,
    0.543605387210846,
    0.5410163402557373,
    0.5285226702690125,
    0.527617871761322,
    0.5081576704978943,
    0.5002864003181458,
    0.48824185132980347,
    0.4789126217365265,
    0.4673091769218445,
    0.4531160891056061,
    0.4453636705875397,
    0.46009859442710876,
    0.4467063546180725,
    0.43766775727272034,
    0.43211814761161804,
    0.4283401072025299,
    0.429250031709671,
    0.42236098647117615,
    0.43004438281059265,
    0.42760223150253296,
    0.4237774908542633,
    0.4088157117366791,
    0.404972642660141,
    0.423318475484848,
    0.39154860377311707,
    0.42135053873062134
  ],
  "val_accuracy": [
    0.1428571492433548,
    0.14476190507411957,
    0.14095237851142883,
    0.07619047909975052,
    0.095238097012043,
    0.15619046986103058,
    0.16761904954910278,
    0.5390475988388062,
    0.6857143044471741,
    0.6933333277702332,
    0.700952410697937,
    0.6438094973564148,
    0.8057143092155457,
    0.700952410697937,
    0.746666669845581,
    0.6990476250648499,
    0.7333333492279053,
    0.8628571629524231,
    0.8476190567016602,
    0.7676190733909607,
    0.8285714387893677,
    0.8304761648178101,
    0.8057143092155457,
    0.868571400642395,
    0.8761904835700989,
    0.8495237827301025,
    0.8590475916862488,
    0.8361904621124268,
    0.8780952095985413,
    0.8666666746139526,
    0.8628571629524231,
    0.8590475916862488,
    0.8590475916862488,
    0.8571428656578064,
    0.8552380800247192,
    0.8571428656578064,
    0.8609523773193359
  ],
  "val_loss": [
    2.7150866985321045,
    4.419964790344238,
    4.939633846282959,
    4.904348850250244,
    4.849319934844971,
    3.8709001541137695,
    3.0970096588134766,
    1.2711379528045654,
    0.8977543711662292,
    0.8373125791549683,
    0.8130292892456055,
    1.178009271621704,
    0.5789655447006226,
    0.823542594909668,
    0.8397781848907471,
    0.9074158072471619,
    0.8663421273231506,
    0.46081021428108215,
    0.46297487616539,
    0.6414350271224976,
    0.5150182247161865,
    0.5571573376655579,
    0.5841090679168701,
    0.48510023951530457,
    0.44817212224006653,
    0.49710971117019653,
    0.47634267807006836,
    0.5371903777122498,
    0.44248533248901367,
    0.46569812297821045,
    0.48259350657463074,
    0.49127668142318726,
    0.4931478500366211,
    0.4906046688556671,
    0.4874281883239746,
    0.48931825160980225,
    0.47996145486831665
  ],
  "learning_rate": [
    0.0010000000474974513,
    0.0010000000474974513,
    0.0010000000474974513,
    0.0010000000474974513,
    0.0005000000237487257,
    0.0005000000237487257,
    0.0005000000237487257,
    0.0002500000118743628,
    0.0002500000118743628,
    0.0002500000118743628,
    0.0002500000118743628,
    0.0002500000118743628,
    0.0002500000118743628,
    0.0002500000118743628,
    0.0002500000118743628,
    0.0002500000118743628,
    0.0001250000059371814,
    0.0001250000059371814,
    0.0001250000059371814,
    0.0001250000059371814,
    0.0001250000059371814,
    6.25000029685907e-05,
    6.25000029685907e-05,
    6.25000029685907e-05,
    3.125000148429535e-05,
    3.125000148429535e-05,
    3.125000148429535e-05,
    3.125000148429535e-05,
    1.5625000742147677e-05,
    1.5625000742147677e-05,
    1.5625000742147677e-05,
    1.5625000742147677e-05,
    7.812500371073838e-06,
    7.812500371073838e-06,
    7.812500371073838e-06,
    3.906250185536919e-06,
    3.906250185536919e-06
  ]
}